{"version": "1", "message": "ERROR: Hidden Testcases server unreachable.", "problem_id": "ads2_m2_a1_1", "user_id": "Meher143", "score": {"sample": {"0": {"execution_time": 0.37110376358032227, "passed": true}, "1": {"execution_time": 0.41193628311157227, "passed": true}, "2": {"execution_time": 0.22723913192749023, "passed": true}, "3": {"execution_time": 0.242872953414917, "passed": true}, "4": {"execution_time": 0.29520583152770996, "passed": true}, "5": {"execution_time": 0.31076860427856445, "passed": true}, "6": {"execution_time": 0.2837085723876953, "passed": true}, "7": {"execution_time": 0.3763620853424072, "passed": true}, "8": {"execution_time": 0.34718799591064453, "passed": true}, "9": {"execution_time": 0.22894978523254395, "passed": true}, "10": {"execution_time": 0.21087193489074707, "passed": true}, "11": {"execution_time": 0.32819604873657227, "passed": true}, "12": {"execution_time": 0.3689687252044678, "passed": true}, "13": {"execution_time": 0.24792718887329102, "passed": true}, "14": {"execution_time": 0.21595263481140137, "passed": true}, "15": {"execution_time": 0.3591785430908203, "passed": true}, "16": {"execution_time": 0.33656883239746094, "passed": true}, "17": {"execution_time": 0.39754343032836914, "passed": true}, "18": {"execution_time": 0.41040921211242676, "passed": true}, "19": {"execution_time": 0.45430970191955566, "passed": true}, "20": {"execution_time": 0.38696765899658203, "passed": true}, "21": {"execution_time": 0.21553802490234375, "passed": true}, "22": {"execution_time": 0.4523627758026123, "passed": true}, "23": {"execution_time": 0.41705918312072754, "passed": true}}}, "check_style_score": "0/1"}