{"version": "1", "message": "ERROR: Hidden Testcases server unreachable.", "problem_id": "ads2_m2_a1_1", "user_id": "Meher143", "score": {"sample": {"0": {"execution_time": 0.27524900436401367, "passed": false}, "1": {"execution_time": 0.2314164638519287, "passed": false}, "2": {"execution_time": 0.2045574188232422, "passed": false}, "3": {"execution_time": 0.19950175285339355, "passed": false}, "4": {"execution_time": 0.33023691177368164, "passed": false}, "5": {"execution_time": 0.3738739490509033, "passed": false}, "6": {"execution_time": 0.29881882667541504, "passed": false}, "7": {"execution_time": 0.2604849338531494, "passed": false}, "8": {"execution_time": 0.3385770320892334, "passed": false}, "9": {"execution_time": 0.28623270988464355, "passed": false}, "10": {"execution_time": 0.24597930908203125, "passed": false}, "11": {"execution_time": 0.39148402214050293, "passed": false}, "12": {"execution_time": 0.27118444442749023, "passed": false}, "13": {"execution_time": 0.27394795417785645, "passed": false}, "14": {"execution_time": 0.28922200202941895, "passed": false}, "15": {"execution_time": 0.31769704818725586, "passed": false}, "16": {"execution_time": 0.3330991268157959, "passed": false}, "17": {"execution_time": 0.22088336944580078, "passed": false}, "18": {"execution_time": 0.3462069034576416, "passed": false}, "19": {"execution_time": 0.42186880111694336, "passed": false}, "20": {"execution_time": 0.3030669689178467, "passed": false}, "21": {"execution_time": 0.209883451461792, "passed": false}, "22": {"execution_time": 0.2847912311553955, "passed": false}, "23": {"execution_time": 0.2819962501525879, "passed": false}}}, "check_style_score": "0/1"}