{"version": "1", "message": "ERROR: Hidden Testcases server unreachable.", "problem_id": "ads2_m2_a1_1", "user_id": "Meher143", "score": {"sample": {"0": {"execution_time": 0.2738218307495117, "passed": true}, "1": {"execution_time": 0.20548796653747559, "passed": true}, "2": {"execution_time": 0.3308596611022949, "passed": true}, "3": {"execution_time": 0.1979217529296875, "passed": true}, "4": {"execution_time": 0.24010443687438965, "passed": true}, "5": {"execution_time": 0.2994716167449951, "passed": true}, "6": {"execution_time": 0.29526710510253906, "passed": true}, "7": {"execution_time": 0.1742093563079834, "passed": true}, "8": {"execution_time": 0.2105402946472168, "passed": true}, "9": {"execution_time": 0.22420001029968262, "passed": true}, "10": {"execution_time": 0.41568779945373535, "passed": true}, "11": {"execution_time": 0.2544124126434326, "passed": true}, "12": {"execution_time": 0.31119775772094727, "passed": true}, "13": {"execution_time": 0.38451671600341797, "passed": true}, "14": {"execution_time": 0.35198163986206055, "passed": true}, "15": {"execution_time": 0.4444291591644287, "passed": true}, "16": {"execution_time": 0.32592082023620605, "passed": true}, "17": {"execution_time": 0.282609224319458, "passed": true}, "18": {"execution_time": 0.45665717124938965, "passed": true}, "19": {"execution_time": 0.5317718982696533, "passed": true}, "20": {"execution_time": 0.29642224311828613, "passed": true}, "21": {"execution_time": 0.33759474754333496, "passed": true}, "22": {"execution_time": 0.28846073150634766, "passed": true}, "23": {"execution_time": 0.38306593894958496, "passed": true}}}, "check_style_score": "0/1"}