{"version": "1", "message": "ERROR: Hidden Testcases server unreachable.", "problem_id": "ads2_m2_a1_1", "user_id": "Meher143", "score": {"sample": {"0": {"execution_time": 0.32795119285583496, "passed": true}, "1": {"execution_time": 0.31577014923095703, "passed": true}, "2": {"execution_time": 0.397907018661499, "passed": true}, "3": {"execution_time": 0.328963041305542, "passed": true}, "4": {"execution_time": 0.22161030769348145, "passed": true}, "5": {"execution_time": 0.27632999420166016, "passed": true}, "6": {"execution_time": 0.34321141242980957, "passed": true}, "7": {"execution_time": 0.2828218936920166, "passed": true}, "8": {"execution_time": 0.37293386459350586, "passed": true}, "9": {"execution_time": 0.31336307525634766, "passed": true}, "10": {"execution_time": 0.2868196964263916, "passed": true}, "11": {"execution_time": 0.28313779830932617, "passed": true}, "12": {"execution_time": 0.25446534156799316, "passed": true}, "13": {"execution_time": 0.277820348739624, "passed": true}, "14": {"execution_time": 0.29507946968078613, "passed": true}, "15": {"execution_time": 0.3098571300506592, "passed": true}, "16": {"execution_time": 0.29001569747924805, "passed": true}, "17": {"execution_time": 0.3291921615600586, "passed": true}, "18": {"execution_time": 0.3585383892059326, "passed": true}, "19": {"execution_time": 0.5204041004180908, "passed": true}, "20": {"execution_time": 0.37784242630004883, "passed": true}, "21": {"execution_time": 0.35697054862976074, "passed": true}, "22": {"execution_time": 0.4794602394104004, "passed": true}, "23": {"execution_time": 0.4420342445373535, "passed": true}}}, "check_style_score": "1/1"}