{"version": "1", "message": "ERROR: Hidden Testcases server unreachable.", "problem_id": "ads2_m2_a1_1", "user_id": "Meher143", "score": {"sample": {"0": {"execution_time": 0.2606637477874756, "passed": true}, "1": {"execution_time": 0.36359167098999023, "passed": true}, "2": {"execution_time": 0.40564441680908203, "passed": true}, "3": {"execution_time": 0.35697317123413086, "passed": true}, "4": {"execution_time": 0.20524311065673828, "passed": true}, "5": {"execution_time": 0.2212674617767334, "passed": true}, "6": {"execution_time": 0.3610403537750244, "passed": true}, "7": {"execution_time": 0.3153669834136963, "passed": true}, "8": {"execution_time": 0.3081629276275635, "passed": true}, "9": {"execution_time": 0.2792971134185791, "passed": true}, "10": {"execution_time": 0.2179872989654541, "passed": true}, "11": {"execution_time": 0.29085755348205566, "passed": true}, "12": {"execution_time": 0.46907496452331543, "passed": true}, "13": {"execution_time": 0.22704172134399414, "passed": true}, "14": {"execution_time": 0.3256056308746338, "passed": true}, "15": {"execution_time": 0.3661179542541504, "passed": true}, "16": {"execution_time": 0.2982058525085449, "passed": true}, "17": {"execution_time": 0.3500087261199951, "passed": true}, "18": {"execution_time": 0.39447879791259766, "passed": true}, "19": {"execution_time": 0.42644548416137695, "passed": true}, "20": {"execution_time": 0.2726149559020996, "passed": true}, "21": {"execution_time": 0.33127856254577637, "passed": true}, "22": {"execution_time": 0.38082456588745117, "passed": true}, "23": {"execution_time": 0.39592957496643066, "passed": true}}}, "check_style_score": "1/1"}