{"version": "1", "message": "ERROR: Hidden Testcases server unreachable.", "problem_id": "ads2_m2_a1_1", "user_id": "Meher143", "score": {"sample": {"0": {"execution_time": 0.29254889488220215, "passed": true}, "1": {"execution_time": 0.2689521312713623, "passed": true}, "2": {"execution_time": 0.19430804252624512, "passed": true}, "3": {"execution_time": 0.3930652141571045, "passed": true}, "4": {"execution_time": 0.28646254539489746, "passed": true}, "5": {"execution_time": 0.29099249839782715, "passed": true}, "6": {"execution_time": 0.252899169921875, "passed": true}, "7": {"execution_time": 0.20588278770446777, "passed": true}, "8": {"execution_time": 0.35695815086364746, "passed": true}, "9": {"execution_time": 0.32294321060180664, "passed": true}, "10": {"execution_time": 0.3468341827392578, "passed": true}, "11": {"execution_time": 0.25780367851257324, "passed": true}, "12": {"execution_time": 0.20441532135009766, "passed": true}, "13": {"execution_time": 0.19045400619506836, "passed": true}, "14": {"execution_time": 0.20411109924316406, "passed": true}, "15": {"execution_time": 0.3932521343231201, "passed": true}, "16": {"execution_time": 0.23953580856323242, "passed": true}, "17": {"execution_time": 0.32961320877075195, "passed": true}, "18": {"execution_time": 0.37285280227661133, "passed": true}, "19": {"execution_time": 0.3521761894226074, "passed": true}, "20": {"execution_time": 0.3343484401702881, "passed": true}, "21": {"execution_time": 0.24082732200622559, "passed": true}, "22": {"execution_time": 0.28673243522644043, "passed": true}, "23": {"execution_time": 0.43189024925231934, "passed": true}}}, "check_style_score": "1/1"}