{"version": "1", "message": "ERROR: Hidden Testcases server unreachable.", "problem_id": "ads2_m4_a1_1", "user_id": "Meher143", "score": {"sample": {"0": {"execution_time": 0.5764343738555908, "passed": true}, "1": {"execution_time": 0.33873844146728516, "passed": true}, "2": {"execution_time": 0.31530117988586426, "passed": true}, "3": {"execution_time": 0.4537372589111328, "passed": true}, "4": {"execution_time": 0.2161104679107666, "passed": true}, "5": {"execution_time": 0.2691614627838135, "passed": true}, "6": {"execution_time": 0.3653876781463623, "passed": true}, "7": {"execution_time": 0.24726653099060059, "passed": true}, "8": {"execution_time": 0.2619285583496094, "passed": true}, "9": {"execution_time": 0.21250176429748535, "passed": true}, "10": {"execution_time": 0.30632877349853516, "passed": true}, "11": {"execution_time": 0.17893266677856445, "passed": true}, "12": {"execution_time": 0.19416356086730957, "passed": true}, "13": {"execution_time": 1.3770465850830078, "passed": true}, "14": {"execution_time": 0.20858407020568848, "passed": true}}}, "check_style_score": "0/1"}