{"version": "1", "message": "ERROR: Hidden Testcases server unreachable.", "problem_id": "ads2_m4_a1_1", "user_id": "Meher143", "score": {"sample": {"0": {"execution_time": 0.481691837310791, "passed": true}, "1": {"execution_time": 0.36861085891723633, "passed": true}, "2": {"execution_time": 0.4763481616973877, "passed": true}, "3": {"execution_time": 0.39269590377807617, "passed": true}, "4": {"execution_time": 0.40330934524536133, "passed": true}, "5": {"execution_time": 0.40505456924438477, "passed": true}, "6": {"execution_time": 0.4119288921356201, "passed": true}, "7": {"execution_time": 0.2534148693084717, "passed": true}, "8": {"execution_time": 0.41788387298583984, "passed": true}, "9": {"execution_time": 0.23537349700927734, "passed": true}, "10": {"execution_time": 0.20323681831359863, "passed": true}, "11": {"execution_time": 0.28099966049194336, "passed": true}, "12": {"execution_time": 0.2584505081176758, "passed": true}, "13": {"execution_time": 1.4846787452697754, "passed": true}, "14": {"execution_time": 0.39473748207092285, "passed": true}}}, "check_style_score": "1/1"}