{"version": "1", "message": "ERROR: Hidden Testcases server unreachable.", "problem_id": "ads2_m16_a1_1", "user_id": "Meher143", "score": {"sample": {"0": {"execution_time": 0.365215539932251, "passed": false}, "1": {"execution_time": 0.3190898895263672, "passed": false}, "2": {"execution_time": 0.637920618057251, "passed": false}, "3": {"execution_time": 0.598060131072998, "passed": false}, "4": {"execution_time": 0.6129462718963623, "passed": false}, "5": {"execution_time": 0.6101834774017334, "passed": false}, "6": {"execution_time": 0.6571879386901855, "passed": false}, "7": {"execution_time": 0.6199026107788086, "passed": false}, "8": {"execution_time": 0.3265523910522461, "passed": false}, "9": {"execution_time": 0.592200517654419, "passed": false}, "10": {"execution_time": 0.6875665187835693, "passed": false}, "11": {"execution_time": 0.25901103019714355, "passed": false}, "12": {"execution_time": 0.6621906757354736, "passed": false}, "13": {"execution_time": 0.2611372470855713, "passed": true}, "14": {"execution_time": 0.6508848667144775, "passed": false}, "15": {"execution_time": 0.6621124744415283, "passed": false}, "16": {"execution_time": 0.33235859870910645, "passed": false}, "17": {"execution_time": 0.33876514434814453, "passed": false}, "18": {"execution_time": 0.3139169216156006, "passed": false}, "19": {"execution_time": 0.3415863513946533, "passed": false}, "20": {"execution_time": 0.4128451347351074, "passed": false}, "21": {"execution_time": 0.328291654586792, "passed": false}, "22": {"execution_time": 0.3325028419494629, "passed": false}, "23": {"execution_time": 0.34539294242858887, "passed": false}, "24": {"execution_time": 0.4544682502746582, "passed": true}, "25": {"execution_time": 0.761829137802124, "passed": false}, "26": {"execution_time": 0.507899284362793, "passed": false}, "27": {"execution_time": 0.6201608180999756, "passed": false}, "28": {"execution_time": 0.9962038993835449, "passed": false}, "29": {"execution_time": 0.27285099029541016, "passed": false}}}, "check_style_score": "1/1"}