{"version": "1", "message": "ERROR: Hidden Testcases server unreachable.", "problem_id": "ads2_m16_a1_1", "user_id": "Meher143", "score": {"sample": {"0": {"execution_time": 1.185971975326538, "passed": true}, "1": {"execution_time": 0.5670554637908936, "passed": true}, "2": {"execution_time": 0.9156873226165771, "passed": true}, "3": {"execution_time": 1.0688962936401367, "passed": true}, "4": {"execution_time": 0.8057088851928711, "passed": true}, "5": {"execution_time": 0.8430399894714355, "passed": true}, "6": {"execution_time": 0.775031328201294, "passed": true}, "7": {"execution_time": 0.9779362678527832, "passed": true}, "8": {"execution_time": 0.4219396114349365, "passed": true}, "9": {"execution_time": 0.9662792682647705, "passed": true}, "10": {"execution_time": 0.7291719913482666, "passed": true}, "11": {"execution_time": 4.250286340713501, "passed": true}, "12": {"execution_time": 0.7386057376861572, "passed": true}, "13": {"execution_time": 0.4601883888244629, "passed": true}, "14": {"execution_time": 0.6666033267974854, "passed": true}, "15": {"execution_time": 0.7868242263793945, "passed": true}, "16": {"execution_time": 0.6456813812255859, "passed": true}, "17": {"execution_time": 0.5018815994262695, "passed": true}, "18": {"execution_time": 0.5173397064208984, "passed": true}, "19": {"execution_time": 0.5905144214630127, "passed": true}, "20": {"execution_time": 0.6232390403747559, "passed": true}, "21": {"execution_time": 0.5812122821807861, "passed": true}, "22": {"execution_time": 0.6320703029632568, "passed": true}, "23": {"execution_time": 0.5859968662261963, "passed": true}, "24": {"execution_time": 0.4470069408416748, "passed": true}, "25": {"execution_time": 1.5462892055511475, "passed": true}, "26": {"execution_time": 1.2407970428466797, "passed": true}, "27": {"execution_time": 1.4768705368041992, "passed": true}, "28": {"execution_time": 2.0643725395202637, "passed": true}, "29": {"execution_time": 0.6586601734161377, "passed": true}}}, "check_style_score": "1/1"}