{"version": "1", "message": "ERROR: Hidden Testcases server unreachable.", "problem_id": "ads2_m16_a1_1", "user_id": "Meher143", "score": {"sample": {"0": {"execution_time": 0.47379398345947266, "passed": true}, "1": {"execution_time": 0.3902857303619385, "passed": true}, "2": {"execution_time": 0.7180135250091553, "passed": true}, "3": {"execution_time": 0.7070941925048828, "passed": true}, "4": {"execution_time": 0.8365073204040527, "passed": true}, "5": {"execution_time": 0.7786014080047607, "passed": true}, "6": {"execution_time": 0.9101974964141846, "passed": true}, "7": {"execution_time": 0.7851004600524902, "passed": true}, "8": {"execution_time": 0.4946143627166748, "passed": true}, "9": {"execution_time": 0.7275063991546631, "passed": true}, "10": {"execution_time": 0.8487272262573242, "passed": true}, "11": {"execution_time": 3.8468353748321533, "passed": true}, "12": {"execution_time": 0.9253342151641846, "passed": true}, "13": {"execution_time": 0.3793482780456543, "passed": true}, "14": {"execution_time": 0.6501302719116211, "passed": true}, "15": {"execution_time": 0.7006142139434814, "passed": true}, "16": {"execution_time": 0.3558223247528076, "passed": true}, "17": {"execution_time": 0.5001537799835205, "passed": true}, "18": {"execution_time": 0.5734298229217529, "passed": true}, "19": {"execution_time": 0.3482789993286133, "passed": true}, "20": {"execution_time": 0.39047718048095703, "passed": true}, "21": {"execution_time": 0.3795895576477051, "passed": true}, "22": {"execution_time": 0.4410076141357422, "passed": true}, "23": {"execution_time": 0.3952293395996094, "passed": true}, "24": {"execution_time": 0.27423763275146484, "passed": true}, "25": {"execution_time": 0.9021334648132324, "passed": true}, "26": {"execution_time": 0.7265186309814453, "passed": true}, "27": {"execution_time": 0.8890552520751953, "passed": true}, "28": {"execution_time": 1.2686784267425537, "passed": true}, "29": {"execution_time": 0.3015785217285156, "passed": true}}}, "check_style_score": "1/1"}