{"version": "1", "message": "ERROR: Hidden Testcases server unreachable.", "problem_id": "ads2_m16_a1_1", "user_id": "Meher143", "score": {"sample": {"0": {"execution_time": 1.1919665336608887, "passed": false}, "1": {"execution_time": 0.4675331115722656, "passed": false}, "2": {"execution_time": 0.7359488010406494, "passed": false}, "3": {"execution_time": 0.5604596138000488, "passed": false}, "4": {"execution_time": 0.4401977062225342, "passed": false}, "5": {"execution_time": 0.4296848773956299, "passed": false}, "6": {"execution_time": 0.47381114959716797, "passed": false}, "7": {"execution_time": 0.5377776622772217, "passed": false}, "8": {"execution_time": 0.5165331363677979, "passed": false}, "9": {"execution_time": 0.40839290618896484, "passed": false}, "10": {"execution_time": 0.4580662250518799, "passed": false}, "11": {"execution_time": 0.37836432456970215, "passed": false}, "12": {"execution_time": 0.4283778667449951, "passed": false}, "13": {"execution_time": 0.29773521423339844, "passed": true}, "14": {"execution_time": 0.5712437629699707, "passed": false}, "15": {"execution_time": 0.48824501037597656, "passed": false}, "16": {"execution_time": 0.31300926208496094, "passed": false}, "17": {"execution_time": 0.41582155227661133, "passed": false}, "18": {"execution_time": 0.42278194427490234, "passed": false}, "19": {"execution_time": 0.2740602493286133, "passed": false}, "20": {"execution_time": 0.28794264793395996, "passed": false}, "21": {"execution_time": 0.27398085594177246, "passed": false}, "22": {"execution_time": 0.2993502616882324, "passed": false}, "23": {"execution_time": 0.4832274913787842, "passed": false}, "24": {"execution_time": 0.24612927436828613, "passed": true}, "25": {"execution_time": 0.43929266929626465, "passed": false}, "26": {"execution_time": 0.371457576751709, "passed": false}, "27": {"execution_time": 0.5439391136169434, "passed": false}, "28": {"execution_time": 0.620091438293457, "passed": false}, "29": {"execution_time": 0.5726969242095947, "passed": false}}}, "check_style_score": "0/1"}